"OBJECTID","ID_0","ISO","NAME_0","ID_1","NAME_1","ID_2","NAME_2","TYPE_2","ENGTYPE_2","NL_NAME_2","VARNAME_2"
1,249,"VEN","Venezuela",1,"Amazonas",1,"Alto Orinoco","Municipio","Municipality",NA,NA
2,249,"VEN","Venezuela",1,"Amazonas",2,"Atabapo","Municipio","Municipality",NA,NA
3,249,"VEN","Venezuela",1,"Amazonas",3,"Atures","Municipio","Municipality",NA,NA
4,249,"VEN","Venezuela",1,"Amazonas",4,"Autana","Municipio","Municipality",NA,NA
5,249,"VEN","Venezuela",1,"Amazonas",5,"Manapiare","Municipio","Municipality",NA,NA
6,249,"VEN","Venezuela",1,"Amazonas",6,"Maroa","Municipio","Municipality",NA,NA
7,249,"VEN","Venezuela",1,"Amazonas",7,"Río Negro","Municipio","Municipality",NA,NA
8,249,"VEN","Venezuela",2,"Anzoátegui",8,"Anaco","Municipio","Municipality",NA,NA
9,249,"VEN","Venezuela",2,"Anzoátegui",9,"Aragua","Municipio","Municipality",NA,NA
10,249,"VEN","Venezuela",2,"Anzoátegui",10,"Bolívar","Municipio","Municipality",NA,NA
11,249,"VEN","Venezuela",2,"Anzoátegui",11,"Bruzual","Municipio","Municipality",NA,NA
12,249,"VEN","Venezuela",2,"Anzoátegui",12,"Cajigal","Municipio","Municipality",NA,NA
13,249,"VEN","Venezuela",2,"Anzoátegui",13,"Carvajal","Municipio","Municipality",NA,NA
14,249,"VEN","Venezuela",2,"Anzoátegui",14,"Fernando de Peñalver","Municipio","Municipality",NA,NA
15,249,"VEN","Venezuela",2,"Anzoátegui",15,"Freites","Municipio","Municipality",NA,NA
16,249,"VEN","Venezuela",2,"Anzoátegui",16,"General Sir Arthur McGregor
","Municipio","Municipality",NA,NA
17,249,"VEN","Venezuela",2,"Anzoátegui",17,"Guanipa","Municipio","Municipality",NA,NA
18,249,"VEN","Venezuela",2,"Anzoátegui",18,"Guanta","Municipio","Municipality",NA,NA
19,249,"VEN","Venezuela",2,"Anzoátegui",19,"Independencia","Municipio","Municipality",NA,NA
20,249,"VEN","Venezuela",2,"Anzoátegui",20,"Isla","Municipio","Municipality",NA,NA
21,249,"VEN","Venezuela",2,"Anzoátegui",21,"Libertad","Municipio","Municipality",NA,NA
22,249,"VEN","Venezuela",2,"Anzoátegui",22,"Lic. Diego Bautista Urban","Municipio","Municipality",NA,NA
23,249,"VEN","Venezuela",2,"Anzoátegui",23,"Miranda","Municipio","Municipality",NA,NA
24,249,"VEN","Venezuela",2,"Anzoátegui",24,"Monagas","Municipio","Municipality",NA,NA
25,249,"VEN","Venezuela",2,"Anzoátegui",25,"Píritu","Municipio","Municipality",NA,NA
26,249,"VEN","Venezuela",2,"Anzoátegui",26,"San Juan de Capistrano","Municipio","Municipality",NA,NA
27,249,"VEN","Venezuela",2,"Anzoátegui",27,"Santa Ana","Municipio","Municipality",NA,NA
28,249,"VEN","Venezuela",2,"Anzoátegui",28,"Simón Rodríguez","Municipio","Municipality",NA,NA
29,249,"VEN","Venezuela",2,"Anzoátegui",29,"Sotillo","Municipio","Municipality",NA,NA
30,249,"VEN","Venezuela",3,"Apure",30,"Achaguas","Municipio","Municipality",NA,NA
31,249,"VEN","Venezuela",3,"Apure",31,"Biruaca","Municipio","Municipality",NA,NA
32,249,"VEN","Venezuela",3,"Apure",32,"Muñoz","Municipio","Municipality",NA,NA
33,249,"VEN","Venezuela",3,"Apure",33,"Páez","Municipio","Municipality",NA,NA
34,249,"VEN","Venezuela",3,"Apure",34,"Pedro Camejo","Municipio","Municipality",NA,NA
35,249,"VEN","Venezuela",3,"Apure",35,"Rómulo Gallegos","Municipio","Municipality",NA,NA
36,249,"VEN","Venezuela",3,"Apure",36,"San Fernando","Municipio","Municipality",NA,NA
37,249,"VEN","Venezuela",4,"Aragua",37,"Bolívar","Municipio","Municipality",NA,NA
38,249,"VEN","Venezuela",4,"Aragua",38,"Camatagua","Municipio","Municipality",NA,NA
39,249,"VEN","Venezuela",4,"Aragua",39,"Francisco Linares","Municipio","Municipality",NA,NA
40,249,"VEN","Venezuela",4,"Aragua",40,"Girardot","Municipio","Municipality",NA,NA
41,249,"VEN","Venezuela",4,"Aragua",41,"José Angel Lamas","Municipio","Municipality",NA,NA
42,249,"VEN","Venezuela",4,"Aragua",42,"José Félix Ribas","Municipio","Municipality",NA,NA
43,249,"VEN","Venezuela",4,"Aragua",43,"José R Revenga","Municipio","Municipality",NA,NA
44,249,"VEN","Venezuela",4,"Aragua",44,"Libertador","Municipio","Municipality",NA,NA
45,249,"VEN","Venezuela",4,"Aragua",45,"Mario Briceño Iragorry","Municipio","Municipality",NA,NA
46,249,"VEN","Venezuela",4,"Aragua",46,"Ocumare de la Costa de Oro
","Municipio","Municipality",NA,NA
47,249,"VEN","Venezuela",4,"Aragua",47,"San Casimiro","Municipio","Municipality",NA,NA
48,249,"VEN","Venezuela",4,"Aragua",48,"San Sebastián","Municipio","Municipality",NA,NA
49,249,"VEN","Venezuela",4,"Aragua",49,"Santiago Mariño","Municipio","Municipality",NA,NA
50,249,"VEN","Venezuela",4,"Aragua",50,"Santos Michelena","Municipio","Municipality",NA,NA
51,249,"VEN","Venezuela",4,"Aragua",51,"Sucre","Municipio","Municipality",NA,NA
52,249,"VEN","Venezuela",4,"Aragua",52,"Tovar","Municipio","Municipality",NA,NA
53,249,"VEN","Venezuela",4,"Aragua",53,"Urdaneta","Municipio","Municipality",NA,NA
54,249,"VEN","Venezuela",4,"Aragua",54,"Zamora","Municipio","Municipality",NA,NA
55,249,"VEN","Venezuela",5,"Barinas",55,"Alberto Arvelo Torrealba","Municipio","Municipality",NA,NA
56,249,"VEN","Venezuela",5,"Barinas",56,"Andres Eloy Blanco","Municipio","Municipality",NA,NA
57,249,"VEN","Venezuela",5,"Barinas",57,"Antonio José de Sucre","Municipio","Municipality",NA,NA
58,249,"VEN","Venezuela",5,"Barinas",58,"Arismendi","Municipio","Municipality",NA,NA
59,249,"VEN","Venezuela",5,"Barinas",59,"Barinas","Municipio","Municipality",NA,NA
60,249,"VEN","Venezuela",5,"Barinas",60,"Bolívar","Municipio","Municipality",NA,NA
61,249,"VEN","Venezuela",5,"Barinas",61,"Cruz Paredes","Municipio","Municipality",NA,NA
62,249,"VEN","Venezuela",5,"Barinas",62,"Ezequiel Zamora","Municipio","Municipality",NA,NA
63,249,"VEN","Venezuela",5,"Barinas",63,"Obispos","Municipio","Municipality",NA,NA
64,249,"VEN","Venezuela",5,"Barinas",64,"Pedraza","Municipio","Municipality",NA,NA
65,249,"VEN","Venezuela",5,"Barinas",65,"Rojas","Municipio","Municipality",NA,NA
66,249,"VEN","Venezuela",5,"Barinas",66,"Sosa","Municipio","Municipality",NA,NA
67,249,"VEN","Venezuela",6,"Bolívar",67,"Angostura","Municipio","Municipality",NA,NA
68,249,"VEN","Venezuela",6,"Bolívar",68,"Caroní","Municipio","Municipality",NA,NA
69,249,"VEN","Venezuela",6,"Bolívar",69,"Cedeño","Municipio","Municipality",NA,NA
70,249,"VEN","Venezuela",6,"Bolívar",70,"El Callao","Municipio","Municipality",NA,NA
71,249,"VEN","Venezuela",6,"Bolívar",71,"Gran Sabana","Municipio","Municipality",NA,NA
72,249,"VEN","Venezuela",6,"Bolívar",72,"Heres","Municipio","Municipality",NA,NA
73,249,"VEN","Venezuela",6,"Bolívar",73,"Padre Pedro Chien","Municipio","Municipality",NA,NA
74,249,"VEN","Venezuela",6,"Bolívar",74,"Piar","Municipio","Municipality",NA,NA
75,249,"VEN","Venezuela",6,"Bolívar",75,"Roscio","Municipio","Municipality",NA,NA
76,249,"VEN","Venezuela",6,"Bolívar",76,"Sifontes","Municipio","Municipality",NA,NA
77,249,"VEN","Venezuela",6,"Bolívar",77,"Sucre","Municipio","Municipality",NA,NA
78,249,"VEN","Venezuela",7,"Carabobo",78,"Bejuma","Municipio","Municipality",NA,NA
79,249,"VEN","Venezuela",7,"Carabobo",79,"Carlos Arevalo","Municipio","Municipality",NA,NA
80,249,"VEN","Venezuela",7,"Carabobo",80,"Diego Ibarra","Municipio","Municipality",NA,NA
81,249,"VEN","Venezuela",7,"Carabobo",81,"Guacara","Municipio","Municipality",NA,NA
82,249,"VEN","Venezuela",7,"Carabobo",82,"Juan José Mora","Municipio","Municipality",NA,NA
83,249,"VEN","Venezuela",7,"Carabobo",83,"Lago Valencia","Water Body","Water Body",NA,NA
84,249,"VEN","Venezuela",7,"Carabobo",84,"Libertador","Municipio","Municipality",NA,NA
85,249,"VEN","Venezuela",7,"Carabobo",85,"Los Guayos","Municipio","Municipality",NA,NA
86,249,"VEN","Venezuela",7,"Carabobo",86,"Miranda","Municipio","Municipality",NA,NA
87,249,"VEN","Venezuela",7,"Carabobo",87,"Montalbán","Municipio","Municipality",NA,NA
88,249,"VEN","Venezuela",7,"Carabobo",88,"Naguanagua","Municipio","Municipality",NA,NA
89,249,"VEN","Venezuela",7,"Carabobo",89,"Puerto Cabello","Municipio","Municipality",NA,NA
90,249,"VEN","Venezuela",7,"Carabobo",90,"San Diego","Municipio","Municipality",NA,NA
91,249,"VEN","Venezuela",7,"Carabobo",91,"San Joaquín","Municipio","Municipality",NA,NA
92,249,"VEN","Venezuela",7,"Carabobo",92,"Valencia","Municipio","Municipality",NA,NA
93,249,"VEN","Venezuela",8,"Cojedes",93,"Anzoátegui","Municipio","Municipality",NA,NA
94,249,"VEN","Venezuela",8,"Cojedes",94,"Ezequiel Zomora","Municipio","Municipality",NA,NA
95,249,"VEN","Venezuela",8,"Cojedes",95,"Falcón","Municipio","Municipality",NA,NA
96,249,"VEN","Venezuela",8,"Cojedes",96,"Girardot","Municipio","Municipality",NA,NA
97,249,"VEN","Venezuela",8,"Cojedes",97,"Lima Blanco","Municipio","Municipality",NA,NA
98,249,"VEN","Venezuela",8,"Cojedes",98,"Pao de San Juan Bautista","Municipio","Municipality",NA,NA
99,249,"VEN","Venezuela",8,"Cojedes",99,"Ricaurte","Municipio","Municipality",NA,NA
100,249,"VEN","Venezuela",8,"Cojedes",100,"Romulo Gallegos","Municipio","Municipality",NA,NA
101,249,"VEN","Venezuela",8,"Cojedes",101,"Tinaco","Municipio","Municipality",NA,NA
102,249,"VEN","Venezuela",9,"Delta Amacuro",102,"Antonio Diaz","Municipio","Municipality",NA,NA
103,249,"VEN","Venezuela",9,"Delta Amacuro",103,"Casacoima","Municipio","Municipality",NA,NA
104,249,"VEN","Venezuela",9,"Delta Amacuro",104,"Pedernales","Municipio","Municipality",NA,NA
105,249,"VEN","Venezuela",9,"Delta Amacuro",105,"Tucupita","Municipio","Municipality",NA,NA
106,249,"VEN","Venezuela",10,"Dependencias Federales",106,NA,NA,NA,NA,NA
107,249,"VEN","Venezuela",11,"Distrito Capital",107,"Libertador","Municipio","Municipality",NA,NA
108,249,"VEN","Venezuela",12,"Falcón",108,"Acosta","Municipio","Municipality",NA,NA
109,249,"VEN","Venezuela",12,"Falcón",109,"Bolívar","Municipio","Municipality",NA,NA
110,249,"VEN","Venezuela",12,"Falcón",110,"Buchivacoa","Municipio","Municipality",NA,NA
111,249,"VEN","Venezuela",12,"Falcón",111,"Cacique Manaure","Municipio","Municipality",NA,NA
112,249,"VEN","Venezuela",12,"Falcón",112,"Carirubana","Municipio","Municipality",NA,NA
113,249,"VEN","Venezuela",12,"Falcón",113,"Colina","Municipio","Municipality",NA,NA
114,249,"VEN","Venezuela",12,"Falcón",114,"Dabajuro","Municipio","Municipality",NA,NA
115,249,"VEN","Venezuela",12,"Falcón",115,"Democracia","Municipio","Municipality",NA,NA
116,249,"VEN","Venezuela",12,"Falcón",116,"Falcón","Municipio","Municipality",NA,NA
117,249,"VEN","Venezuela",12,"Falcón",117,"Federación","Municipio","Municipality",NA,NA
118,249,"VEN","Venezuela",12,"Falcón",118,"Jacura","Municipio","Municipality",NA,NA
119,249,"VEN","Venezuela",12,"Falcón",119,"Los Tanques","Municipio","Municipality",NA,NA
120,249,"VEN","Venezuela",12,"Falcón",120,"Mauroa","Municipio","Municipality",NA,NA
121,249,"VEN","Venezuela",12,"Falcón",121,"Miranda","Municipio","Municipality",NA,NA
122,249,"VEN","Venezuela",12,"Falcón",122,"Monseñor Iturriza","Municipio","Municipality",NA,NA
123,249,"VEN","Venezuela",12,"Falcón",123,"Palma Sola","Municipio","Municipality",NA,NA
124,249,"VEN","Venezuela",12,"Falcón",124,"Píritu","Municipio","Municipality",NA,NA
125,249,"VEN","Venezuela",12,"Falcón",125,"Petit","Municipio","Municipality",NA,NA
126,249,"VEN","Venezuela",12,"Falcón",126,"San Francisco","Municipio","Municipality",NA,NA
127,249,"VEN","Venezuela",12,"Falcón",127,"Silva","Municipio","Municipality",NA,NA
128,249,"VEN","Venezuela",12,"Falcón",128,"Sucre","Municipio","Municipality",NA,NA
129,249,"VEN","Venezuela",12,"Falcón",129,"Tocópero","Municipio","Municipality",NA,NA
130,249,"VEN","Venezuela",12,"Falcón",130,"Unión","Municipio","Municipality",NA,NA
131,249,"VEN","Venezuela",12,"Falcón",131,"Urumaco","Municipio","Municipality",NA,NA
132,249,"VEN","Venezuela",12,"Falcón",132,"Zamora","Municipio","Municipality",NA,NA
133,249,"VEN","Venezuela",13,"Guárico",133,"Camaguán","Municipio","Municipality",NA,NA
134,249,"VEN","Venezuela",13,"Guárico",134,"Chaguaramas","Municipio","Municipality",NA,NA
135,249,"VEN","Venezuela",13,"Guárico",135,"El Socorro","Municipio","Municipality",NA,NA
136,249,"VEN","Venezuela",13,"Guárico",136,"Infante","Municipio","Municipality",NA,NA
137,249,"VEN","Venezuela",13,"Guárico",137,"Las Mercedes","Municipio","Municipality",NA,NA
138,249,"VEN","Venezuela",13,"Guárico",138,"Mellado","Municipio","Municipality",NA,NA
139,249,"VEN","Venezuela",13,"Guárico",139,"Miranda","Municipio","Municipality",NA,NA
140,249,"VEN","Venezuela",13,"Guárico",140,"Monagas","Municipio","Municipality",NA,NA
141,249,"VEN","Venezuela",13,"Guárico",141,"Ortíz","Municipio","Municipality",NA,NA
142,249,"VEN","Venezuela",13,"Guárico",142,"Ribas","Municipio","Municipality",NA,NA
143,249,"VEN","Venezuela",13,"Guárico",143,"Roscio","Municipio","Municipality",NA,NA
144,249,"VEN","Venezuela",13,"Guárico",144,"San Gerónimo de Guayabal","Municipio","Municipality",NA,NA
145,249,"VEN","Venezuela",13,"Guárico",145,"San José de Guaribe","Municipio","Municipality",NA,NA
146,249,"VEN","Venezuela",13,"Guárico",146,"Santa María de Ipire","Municipio","Municipality",NA,NA
147,249,"VEN","Venezuela",13,"Guárico",147,"Zaraza","Municipio","Municipality",NA,NA
148,249,"VEN","Venezuela",14,"Lara",148,"Andrés Eloy Blanco","Municipio","Municipality",NA,NA
149,249,"VEN","Venezuela",14,"Lara",149,"Crespo","Municipio","Municipality",NA,NA
150,249,"VEN","Venezuela",14,"Lara",150,"Iribarren","Municipio","Municipality",NA,NA
151,249,"VEN","Venezuela",14,"Lara",151,"Jiménez","Municipio","Municipality",NA,NA
152,249,"VEN","Venezuela",14,"Lara",152,"Morán","Municipio","Municipality",NA,NA
153,249,"VEN","Venezuela",14,"Lara",153,"Palavecino","Municipio","Municipality",NA,NA
154,249,"VEN","Venezuela",14,"Lara",154,"Simón Planas","Municipio","Municipality",NA,NA
155,249,"VEN","Venezuela",14,"Lara",155,"Torres","Municipio","Municipality",NA,NA
156,249,"VEN","Venezuela",14,"Lara",156,"Urdaneta","Municipio","Municipality",NA,NA
157,249,"VEN","Venezuela",15,"Mérida",157,"Alberto Adriani","Municipio","Municipality",NA,NA
158,249,"VEN","Venezuela",15,"Mérida",158,"Andrés Bello","Municipio","Municipality",NA,NA
159,249,"VEN","Venezuela",15,"Mérida",159,"Antonio Pinto Salinas","Municipio","Municipality",NA,NA
160,249,"VEN","Venezuela",15,"Mérida",160,"Aricagua","Municipio","Municipality",NA,NA
161,249,"VEN","Venezuela",15,"Mérida",161,"Arzobispo Chacón","Municipio","Municipality",NA,NA
162,249,"VEN","Venezuela",15,"Mérida",162,"Campo Elías","Municipio","Municipality",NA,NA
163,249,"VEN","Venezuela",15,"Mérida",163,"Caracciolo Parra Olmedo","Municipio","Municipality",NA,NA
164,249,"VEN","Venezuela",15,"Mérida",164,"Cardenal Quintero","Municipio","Municipality",NA,NA
165,249,"VEN","Venezuela",15,"Mérida",165,"Guaraque","Municipio","Municipality",NA,NA
166,249,"VEN","Venezuela",15,"Mérida",166,"Julio César Salas","Municipio","Municipality",NA,NA
167,249,"VEN","Venezuela",15,"Mérida",167,"Justo Briceño","Municipio","Municipality",NA,NA
168,249,"VEN","Venezuela",15,"Mérida",168,"Libertador","Municipio","Municipality",NA,NA
169,249,"VEN","Venezuela",15,"Mérida",169,"Miranda","Municipio","Municipality",NA,NA
170,249,"VEN","Venezuela",15,"Mérida",170,"Obispo Ramos de Lora","Municipio","Municipality",NA,NA
171,249,"VEN","Venezuela",15,"Mérida",171,"Padre Noguera","Municipio","Municipality",NA,NA
172,249,"VEN","Venezuela",15,"Mérida",172,"Pueblo Llano","Municipio","Municipality",NA,NA
173,249,"VEN","Venezuela",15,"Mérida",173,"Rangel","Municipio","Municipality",NA,NA
174,249,"VEN","Venezuela",15,"Mérida",174,"Rivas Davila","Municipio","Municipality",NA,NA
175,249,"VEN","Venezuela",15,"Mérida",175,"Santos Marquina","Municipio","Municipality",NA,NA
176,249,"VEN","Venezuela",15,"Mérida",176,"Sucre","Municipio","Municipality",NA,NA
177,249,"VEN","Venezuela",15,"Mérida",177,"Tovar","Municipio","Municipality",NA,NA
178,249,"VEN","Venezuela",15,"Mérida",178,"Tulio Febres Cordero","Municipio","Municipality",NA,NA
179,249,"VEN","Venezuela",15,"Mérida",179,"Zea","Municipio","Municipality",NA,NA
180,249,"VEN","Venezuela",16,"Miranda",180,"Acevedo","Municipio","Municipality",NA,NA
181,249,"VEN","Venezuela",16,"Miranda",181,"Andrés Bello","Municipio","Municipality",NA,NA
182,249,"VEN","Venezuela",16,"Miranda",182,"Baruta","Municipio","Municipality",NA,NA
183,249,"VEN","Venezuela",16,"Miranda",183,"Brión","Municipio","Municipality",NA,NA
184,249,"VEN","Venezuela",16,"Miranda",184,"Buroz","Municipio","Municipality",NA,NA
185,249,"VEN","Venezuela",16,"Miranda",185,"Carrizal","Municipio","Municipality",NA,NA
186,249,"VEN","Venezuela",16,"Miranda",186,"Chacao","Municipio","Municipality",NA,NA
187,249,"VEN","Venezuela",16,"Miranda",187,"Cristóbal Rojas","Municipio","Municipality",NA,NA
188,249,"VEN","Venezuela",16,"Miranda",188,"El Hatillo","Municipio","Municipality",NA,NA
189,249,"VEN","Venezuela",16,"Miranda",189,"Guaicaipuro","Municipio","Municipality",NA,NA
190,249,"VEN","Venezuela",16,"Miranda",190,"Independencia","Municipio","Municipality",NA,NA
191,249,"VEN","Venezuela",16,"Miranda",191,"Lander","Municipio","Municipality",NA,NA
192,249,"VEN","Venezuela",16,"Miranda",192,"Los Salias","Municipio","Municipality",NA,NA
193,249,"VEN","Venezuela",16,"Miranda",193,"Páez","Municipio","Municipality",NA,NA
194,249,"VEN","Venezuela",16,"Miranda",194,"Paz Castillo","Municipio","Municipality",NA,NA
195,249,"VEN","Venezuela",16,"Miranda",195,"Pedro Gual","Municipio","Municipality",NA,NA
196,249,"VEN","Venezuela",16,"Miranda",196,"Plaza","Municipio","Municipality",NA,NA
197,249,"VEN","Venezuela",16,"Miranda",197,"Simón Bolívar","Municipio","Municipality",NA,NA
198,249,"VEN","Venezuela",16,"Miranda",198,"Sucre","Municipio","Municipality",NA,NA
199,249,"VEN","Venezuela",16,"Miranda",199,"Urdaneta","Municipio","Municipality",NA,NA
200,249,"VEN","Venezuela",16,"Miranda",200,"Zamora","Municipio","Municipality",NA,NA
201,249,"VEN","Venezuela",17,"Monagas",201,"Acosta","Municipio","Municipality",NA,NA
202,249,"VEN","Venezuela",17,"Monagas",202,"Aguasay","Municipio","Municipality",NA,NA
203,249,"VEN","Venezuela",17,"Monagas",203,"Bolívar","Municipio","Municipality",NA,NA
204,249,"VEN","Venezuela",17,"Monagas",204,"Caripe","Municipio","Municipality",NA,NA
205,249,"VEN","Venezuela",17,"Monagas",205,"Cedeño","Municipio","Municipality",NA,NA
206,249,"VEN","Venezuela",17,"Monagas",206,"Ezequiel Zamora","Municipio","Municipality",NA,NA
207,249,"VEN","Venezuela",17,"Monagas",207,"Libertador","Municipio","Municipality",NA,NA
208,249,"VEN","Venezuela",17,"Monagas",208,"Maturín","Municipio","Municipality",NA,NA
209,249,"VEN","Venezuela",17,"Monagas",209,"Piar","Municipio","Municipality",NA,NA
210,249,"VEN","Venezuela",17,"Monagas",210,"Punceres","Municipio","Municipality",NA,NA
211,249,"VEN","Venezuela",17,"Monagas",211,"Santa Barbara","Municipio","Municipality",NA,NA
212,249,"VEN","Venezuela",17,"Monagas",212,"Sotillo","Municipio","Municipality",NA,NA
213,249,"VEN","Venezuela",17,"Monagas",213,"Uracoa","Municipio","Municipality",NA,NA
214,249,"VEN","Venezuela",18,"Nueva Esparta",214,"Antolín del Campo","Municipio","Municipality",NA,NA
215,249,"VEN","Venezuela",18,"Nueva Esparta",215,"Arismendi","Municipio","Municipality",NA,NA
216,249,"VEN","Venezuela",18,"Nueva Esparta",216,"Díaz","Municipio","Municipality",NA,NA
217,249,"VEN","Venezuela",18,"Nueva Esparta",217,"Gómez","Municipio","Municipality",NA,NA
218,249,"VEN","Venezuela",18,"Nueva Esparta",218,"García","Municipio","Municipality",NA,NA
219,249,"VEN","Venezuela",18,"Nueva Esparta",219,"Isla de Coche","Municipio","Municipality",NA,NA
220,249,"VEN","Venezuela",18,"Nueva Esparta",220,"Maneiro","Municipio","Municipality",NA,NA
221,249,"VEN","Venezuela",18,"Nueva Esparta",221,"Marcano","Municipio","Municipality",NA,NA
222,249,"VEN","Venezuela",18,"Nueva Esparta",222,"Mariño","Municipio","Municipality",NA,NA
223,249,"VEN","Venezuela",18,"Nueva Esparta",223,"Peninsula de Macanao","Municipio","Municipality",NA,NA
224,249,"VEN","Venezuela",18,"Nueva Esparta",224,"Tubores","Municipio","Municipality",NA,NA
225,249,"VEN","Venezuela",19,"Portuguesa",225,"Agua Blanca","Municipio","Municipality",NA,NA
226,249,"VEN","Venezuela",19,"Portuguesa",226,"Araure","Municipio","Municipality",NA,NA
227,249,"VEN","Venezuela",19,"Portuguesa",227,"Esteller","Municipio","Municipality",NA,NA
228,249,"VEN","Venezuela",19,"Portuguesa",228,"Guanare","Municipio","Municipality",NA,NA
229,249,"VEN","Venezuela",19,"Portuguesa",229,"Guanarito","Municipio","Municipality",NA,NA
230,249,"VEN","Venezuela",19,"Portuguesa",230,"Monseñor José Vicente de Unda","Municipio","Municipality",NA,NA
231,249,"VEN","Venezuela",19,"Portuguesa",231,"Ospino","Municipio","Municipality",NA,NA
232,249,"VEN","Venezuela",19,"Portuguesa",232,"Páez","Municipio","Municipality",NA,NA
233,249,"VEN","Venezuela",19,"Portuguesa",233,"Papelón","Municipio","Municipality",NA,NA
234,249,"VEN","Venezuela",19,"Portuguesa",234,"San Genaro de Boconoito","Municipio","Municipality",NA,NA
235,249,"VEN","Venezuela",19,"Portuguesa",235,"San Rafael de Onoto","Municipio","Municipality",NA,NA
236,249,"VEN","Venezuela",19,"Portuguesa",236,"Santa Rosalía","Municipio","Municipality",NA,NA
237,249,"VEN","Venezuela",19,"Portuguesa",237,"Sucre","Municipio","Municipality",NA,NA
238,249,"VEN","Venezuela",19,"Portuguesa",238,"Turén","Municipio","Municipality",NA,NA
239,249,"VEN","Venezuela",20,"Sucre",239,"Andrés Eloy Blanco","Municipio","Municipality",NA,NA
240,249,"VEN","Venezuela",20,"Sucre",240,"Andrés Mata","Municipio","Municipality",NA,NA
241,249,"VEN","Venezuela",20,"Sucre",241,"Arismendi","Municipio","Municipality",NA,NA
242,249,"VEN","Venezuela",20,"Sucre",242,"Benítez","Municipio","Municipality",NA,NA
243,249,"VEN","Venezuela",20,"Sucre",243,"Bermúdez","Municipio","Municipality",NA,NA
244,249,"VEN","Venezuela",20,"Sucre",244,"Bolívar","Municipio","Municipality",NA,NA
245,249,"VEN","Venezuela",20,"Sucre",245,"Cajigal","Municipio","Municipality",NA,NA
246,249,"VEN","Venezuela",20,"Sucre",246,"Cruz Salmerón Acosta","Municipio","Municipality",NA,NA
247,249,"VEN","Venezuela",20,"Sucre",247,"Libertador","Municipio","Municipality",NA,NA
248,249,"VEN","Venezuela",20,"Sucre",248,"Mariño","Municipio","Municipality",NA,NA
249,249,"VEN","Venezuela",20,"Sucre",249,"Mejía","Municipio","Municipality",NA,NA
250,249,"VEN","Venezuela",20,"Sucre",250,"Montes","Municipio","Municipality",NA,NA
251,249,"VEN","Venezuela",20,"Sucre",251,"Ribero","Municipio","Municipality",NA,NA
252,249,"VEN","Venezuela",20,"Sucre",252,"Sucre","Municipio","Municipality",NA,NA
253,249,"VEN","Venezuela",20,"Sucre",253,"Valdez","Municipio","Municipality",NA,NA
254,249,"VEN","Venezuela",21,"Táchira",254,"Andrés Bello","Municipio","Municipality",NA,NA
255,249,"VEN","Venezuela",21,"Táchira",255,"Antonio Rómulo Costa","Municipio","Municipality",NA,NA
256,249,"VEN","Venezuela",21,"Táchira",256,"Ayacucho","Municipio","Municipality",NA,NA
257,249,"VEN","Venezuela",21,"Táchira",257,"Bolívar","Municipio","Municipality",NA,NA
258,249,"VEN","Venezuela",21,"Táchira",258,"Cárdenas","Municipio","Municipality",NA,NA
259,249,"VEN","Venezuela",21,"Táchira",259,"Córdoba","Municipio","Municipality",NA,NA
260,249,"VEN","Venezuela",21,"Táchira",260,"Fernández Feo","Municipio","Municipality",NA,NA
261,249,"VEN","Venezuela",21,"Táchira",261,"Francisco de Miranda","Municipio","Municipality",NA,NA
262,249,"VEN","Venezuela",21,"Táchira",262,"García de Hevia","Municipio","Municipality",NA,NA
263,249,"VEN","Venezuela",21,"Táchira",263,"Guasimos","Municipio","Municipality",NA,NA
264,249,"VEN","Venezuela",21,"Táchira",264,"Independencia","Municipio","Municipality",NA,NA
265,249,"VEN","Venezuela",21,"Táchira",265,"Jauregui","Municipio","Municipality",NA,NA
266,249,"VEN","Venezuela",21,"Táchira",266,"José María Vargas","Municipio","Municipality",NA,NA
267,249,"VEN","Venezuela",21,"Táchira",267,"Junín","Municipio","Municipality",NA,NA
268,249,"VEN","Venezuela",21,"Táchira",268,"Libertad","Municipio","Municipality",NA,NA
269,249,"VEN","Venezuela",21,"Táchira",269,"Libertador","Municipio","Municipality",NA,NA
270,249,"VEN","Venezuela",21,"Táchira",270,"Lobatera","Municipio","Municipality",NA,NA
271,249,"VEN","Venezuela",21,"Táchira",271,"Michelena","Municipio","Municipality",NA,NA
272,249,"VEN","Venezuela",21,"Táchira",272,"Panamericano","Municipio","Municipality",NA,NA
273,249,"VEN","Venezuela",21,"Táchira",273,"Pedro María Ureña","Municipio","Municipality",NA,NA
274,249,"VEN","Venezuela",21,"Táchira",274,"Rafael Urdaneta","Municipio","Municipality",NA,NA
275,249,"VEN","Venezuela",21,"Táchira",275,"Samuel Dario Maldonado","Municipio","Municipality",NA,NA
276,249,"VEN","Venezuela",21,"Táchira",276,"San Cristóbal","Municipio","Municipality",NA,NA
277,249,"VEN","Venezuela",21,"Táchira",277,"San Judas Tadeo","Municipio","Municipality",NA,NA
278,249,"VEN","Venezuela",21,"Táchira",278,"Seboruco","Municipio","Municipality",NA,NA
279,249,"VEN","Venezuela",21,"Táchira",279,"Simón Rodriguez","Municipio","Municipality",NA,NA
280,249,"VEN","Venezuela",21,"Táchira",280,"Sucre","Municipio","Municipality",NA,NA
281,249,"VEN","Venezuela",21,"Táchira",281,"Torbes","Municipio","Municipality",NA,NA
282,249,"VEN","Venezuela",21,"Táchira",282,"Uribante","Municipio","Municipality",NA,NA
283,249,"VEN","Venezuela",22,"Trujillo",283,"Andrés Bello","Municipio","Municipality",NA,NA
284,249,"VEN","Venezuela",22,"Trujillo",284,"Boconó","Municipio","Municipality",NA,NA
285,249,"VEN","Venezuela",22,"Trujillo",285,"Bolívar","Municipio","Municipality",NA,NA
286,249,"VEN","Venezuela",22,"Trujillo",286,"Candelaria","Municipio","Municipality",NA,NA
287,249,"VEN","Venezuela",22,"Trujillo",287,"Carache","Municipio","Municipality",NA,NA
288,249,"VEN","Venezuela",22,"Trujillo",288,"Escuque","Municipio","Municipality",NA,NA
289,249,"VEN","Venezuela",22,"Trujillo",289,"José Felipe Márquez Cañizalez","Municipio","Municipality",NA,NA
290,249,"VEN","Venezuela",22,"Trujillo",290,"Juan Vicente Campos Elías","Municipio","Municipality",NA,NA
291,249,"VEN","Venezuela",22,"Trujillo",291,"La Ceiba","Municipio","Municipality",NA,NA
292,249,"VEN","Venezuela",22,"Trujillo",292,"Miranda","Municipio","Municipality",NA,NA
293,249,"VEN","Venezuela",22,"Trujillo",293,"Monte Carmelo","Municipio","Municipality",NA,NA
294,249,"VEN","Venezuela",22,"Trujillo",294,"Motatán","Municipio","Municipality",NA,NA
295,249,"VEN","Venezuela",22,"Trujillo",295,"Pampán","Municipio","Municipality",NA,NA
296,249,"VEN","Venezuela",22,"Trujillo",296,"Pampanito","Municipio","Municipality",NA,NA
297,249,"VEN","Venezuela",22,"Trujillo",297,"Rafael Rangel","Municipio","Municipality",NA,NA
298,249,"VEN","Venezuela",22,"Trujillo",298,"San Rafael de Carvajal","Municipio","Municipality",NA,NA
299,249,"VEN","Venezuela",22,"Trujillo",299,"Sucre","Municipio","Municipality",NA,NA
300,249,"VEN","Venezuela",22,"Trujillo",300,"Trujillo","Municipio","Municipality",NA,NA
301,249,"VEN","Venezuela",22,"Trujillo",301,"Urdaneta","Municipio","Municipality",NA,NA
302,249,"VEN","Venezuela",22,"Trujillo",302,"Valera","Municipio","Municipality",NA,NA
303,249,"VEN","Venezuela",23,"Vargas",303,"Vargas","Municipio","Municipality",NA,NA
304,249,"VEN","Venezuela",24,"Yaracuy",304,"Arístides Bastidas","Municipio","Municipality",NA,NA
305,249,"VEN","Venezuela",24,"Yaracuy",305,"Bolívar","Municipio","Municipality",NA,NA
306,249,"VEN","Venezuela",24,"Yaracuy",306,"Bruzual","Municipio","Municipality",NA,NA
307,249,"VEN","Venezuela",24,"Yaracuy",307,"Cocorote","Municipio","Municipality",NA,NA
308,249,"VEN","Venezuela",24,"Yaracuy",308,"Independencia","Municipio","Municipality",NA,NA
309,249,"VEN","Venezuela",24,"Yaracuy",309,"José Antonio Páez","Municipio","Municipality",NA,NA
310,249,"VEN","Venezuela",24,"Yaracuy",310,"La Trinidad","Municipio","Municipality",NA,NA
311,249,"VEN","Venezuela",24,"Yaracuy",311,"Manuel Monge","Municipio","Municipality",NA,NA
312,249,"VEN","Venezuela",24,"Yaracuy",312,"Nirgua","Municipio","Municipality",NA,NA
313,249,"VEN","Venezuela",24,"Yaracuy",313,"Peña","Municipio","Municipality",NA,NA
314,249,"VEN","Venezuela",24,"Yaracuy",314,"San Felipe","Municipio","Municipality",NA,NA
315,249,"VEN","Venezuela",24,"Yaracuy",315,"Sucre","Municipio","Municipality",NA,NA
316,249,"VEN","Venezuela",24,"Yaracuy",316,"Urachiche","Municipio","Municipality",NA,NA
317,249,"VEN","Venezuela",24,"Yaracuy",317,"Veroes","Municipio","Municipality",NA,NA
318,249,"VEN","Venezuela",25,"Zulia",318,"Almirante Padilla","Municipio","Municipality",NA,NA
319,249,"VEN","Venezuela",25,"Zulia",319,"Baralt","Municipio","Municipality",NA,NA
320,249,"VEN","Venezuela",25,"Zulia",320,"Cabimas","Municipio","Municipality",NA,NA
321,249,"VEN","Venezuela",25,"Zulia",321,"Catatumbo","Municipio","Municipality",NA,NA
322,249,"VEN","Venezuela",25,"Zulia",322,"Colón","Municipio","Municipality",NA,NA
323,249,"VEN","Venezuela",25,"Zulia",323,"Francisco Javier Pulgar","Municipio","Municipality",NA,NA
324,249,"VEN","Venezuela",25,"Zulia",324,"Guajira","Municipio","Municipality",NA,NA
325,249,"VEN","Venezuela",25,"Zulia",325,"Jesús Enrique Lossada","Municipio","Municipality",NA,NA
326,249,"VEN","Venezuela",25,"Zulia",326,"Jesús María Semprún","Municipio","Municipality",NA,NA
327,249,"VEN","Venezuela",25,"Zulia",327,"La Cañada de Urdaneta","Municipio","Municipality",NA,NA
328,249,"VEN","Venezuela",25,"Zulia",328,"Lagunillas","Municipio","Municipality",NA,NA
329,249,"VEN","Venezuela",25,"Zulia",329,"Machiques de Perijá","Municipio","Municipality",NA,NA
330,249,"VEN","Venezuela",25,"Zulia",330,"Maracaibo","Municipio","Municipality",NA,NA
331,249,"VEN","Venezuela",25,"Zulia",331,"Mara","Municipio","Municipality",NA,NA
332,249,"VEN","Venezuela",25,"Zulia",332,"Miranda","Municipio","Municipality",NA,NA
333,249,"VEN","Venezuela",25,"Zulia",333,"Rosario de Perijá","Municipio","Municipality",NA,NA
334,249,"VEN","Venezuela",25,"Zulia",334,"San Francisco","Municipio","Municipality",NA,NA
335,249,"VEN","Venezuela",25,"Zulia",335,"Santa Rita","Municipio","Municipality",NA,NA
336,249,"VEN","Venezuela",25,"Zulia",336,"Simón Bolívar","Municipio","Municipality",NA,NA
337,249,"VEN","Venezuela",25,"Zulia",337,"Sucre","Municipio","Municipality",NA,NA
338,249,"VEN","Venezuela",25,"Zulia",338,"Valmore Rodríguez","Municipio","Municipality",NA,NA
