"OBJECTID","ID_0","ISO","NAME_0","ID_1","NAME_1","TYPE_1","ENGTYPE_1","NL_NAME_1","VARNAME_1"
1,249,"VEN","Venezuela",1,"Amazonas",NA,NA,NA,NA
2,249,"VEN","Venezuela",2,"Anzoátegui",NA,NA,NA,NA
3,249,"VEN","Venezuela",3,"Apure",NA,NA,NA,NA
4,249,"VEN","Venezuela",4,"Aragua",NA,NA,NA,NA
5,249,"VEN","Venezuela",5,"Barinas",NA,NA,NA,NA
6,249,"VEN","Venezuela",6,"Bolívar",NA,NA,NA,NA
7,249,"VEN","Venezuela",7,"Carabobo",NA,NA,NA,NA
8,249,"VEN","Venezuela",8,"Cojedes",NA,NA,NA,NA
9,249,"VEN","Venezuela",9,"Delta Amacuro",NA,NA,NA,NA
10,249,"VEN","Venezuela",10,"Dependencias Federales","Dependencias Federales","Federal Dependency",NA,NA
11,249,"VEN","Venezuela",11,"Distrito Capital",NA,NA,NA,NA
12,249,"VEN","Venezuela",12,"Falcón",NA,NA,NA,NA
13,249,"VEN","Venezuela",13,"Guárico",NA,NA,NA,NA
14,249,"VEN","Venezuela",14,"Lara",NA,NA,NA,NA
15,249,"VEN","Venezuela",15,"Mérida",NA,NA,NA,NA
16,249,"VEN","Venezuela",16,"Miranda",NA,NA,NA,NA
17,249,"VEN","Venezuela",17,"Monagas",NA,NA,NA,NA
18,249,"VEN","Venezuela",18,"Nueva Esparta",NA,NA,NA,NA
19,249,"VEN","Venezuela",19,"Portuguesa",NA,NA,NA,NA
20,249,"VEN","Venezuela",20,"Sucre",NA,NA,NA,NA
21,249,"VEN","Venezuela",21,"Táchira",NA,NA,NA,NA
22,249,"VEN","Venezuela",22,"Trujillo",NA,NA,NA,NA
23,249,"VEN","Venezuela",23,"Vargas",NA,NA,NA,NA
24,249,"VEN","Venezuela",24,"Yaracuy",NA,NA,NA,NA
25,249,"VEN","Venezuela",25,"Zulia",NA,NA,NA,NA
